"","Treatment","GEO_ID.x","Sample_num.x","method.x","GEO_ID.y","Sample_num.y","method.y","Spearman","Pearson"
"1","DMSO","GSM5016342",1,"inlysate","GSM5016343",2,"inlysate",0.931056378504696,0.984670832212099
"2","DMSO","GSM5016342",1,"inlysate","GSM5016344",3,"inlysate",0.930172441374162,0.965705476758666
"3","DMSO","GSM5016342",1,"inlysate","GSM5016345",4,"inlysate",0.927881964415937,0.984075168502797
"4","DMSO","GSM5016342",1,"inlysate","GSM5016346",5,"inlysate",0.92584996807065,0.974229080415958
"5","DMSO","GSM5016342",1,"inlysate","GSM5016347",6,"inlysate",0.91922160647641,0.94509203335674
"6","DMSO","GSM5016342",1,"inlysate","GSM5016360",1,"purified_RNA",0.928700045655588,0.950315229105044
"7","DMSO","GSM5016342",1,"inlysate","GSM5016361",2,"purified_RNA",0.927313633315512,0.953977122495469
"8","DMSO","GSM5016342",1,"inlysate","GSM5016362",3,"purified_RNA",0.926782105759678,0.933683194957712
"9","DMSO","GSM5016342",1,"inlysate","GSM5016363",4,"purified_RNA",0.921233435745638,0.938808487034449
"10","DMSO","GSM5016342",1,"inlysate","GSM5016364",5,"purified_RNA",0.92468920310418,0.945597127039674
"11","DMSO","GSM5016342",1,"inlysate","GSM5016365",6,"purified_RNA",0.921808623732167,0.910891760914197
"12","DMSO","GSM5016342",1,"inlysate","GSM5016378",1,"truseq_RNA",0.896423960996149,0.847934574379455
"13","DMSO","GSM5016342",1,"inlysate","GSM5016379",2,"truseq_RNA",0.889174772903826,0.818883887491279
"14","DMSO","GSM5016342",1,"inlysate","GSM5016380",3,"truseq_RNA",0.887543689046245,0.80609972606883
"15","DMSO","GSM5016342",1,"inlysate","GSM5016381",4,"truseq_RNA",0.893515194369734,0.825903591367615
"16","DMSO","GSM5016342",1,"inlysate","GSM5016382",5,"truseq_RNA",0.890507187408177,0.81060894589995
"17","DMSO","GSM5016342",1,"inlysate","GSM5016383",6,"truseq_RNA",0.892655051974127,0.795299487699454
"18","DMSO","GSM5016343",2,"inlysate","GSM5016344",3,"inlysate",0.924272280823757,0.983507082051649
"19","DMSO","GSM5016343",2,"inlysate","GSM5016345",4,"inlysate",0.923141620528941,0.988133226585567
"20","DMSO","GSM5016343",2,"inlysate","GSM5016346",5,"inlysate",0.92132662019642,0.968798647777363
"21","DMSO","GSM5016343",2,"inlysate","GSM5016347",6,"inlysate",0.91015353488399,0.969420845242763
"22","DMSO","GSM5016343",2,"inlysate","GSM5016360",1,"purified_RNA",0.920472956697341,0.932802364659117
"23","DMSO","GSM5016343",2,"inlysate","GSM5016361",2,"purified_RNA",0.925994529486375,0.970549850860244
"24","DMSO","GSM5016343",2,"inlysate","GSM5016362",3,"purified_RNA",0.925098034327663,0.956440031878079
"25","DMSO","GSM5016343",2,"inlysate","GSM5016363",4,"purified_RNA",0.913078932479594,0.942356418522387
"26","DMSO","GSM5016343",2,"inlysate","GSM5016364",5,"purified_RNA",0.922222891219684,0.939681807916945
"27","DMSO","GSM5016343",2,"inlysate","GSM5016365",6,"purified_RNA",0.914155819993643,0.940302258995687
"28","DMSO","GSM5016343",2,"inlysate","GSM5016378",1,"truseq_RNA",0.889901060149453,0.828388900271899
"29","DMSO","GSM5016343",2,"inlysate","GSM5016379",2,"truseq_RNA",0.892598030605697,0.836992890547783
"30","DMSO","GSM5016343",2,"inlysate","GSM5016380",3,"truseq_RNA",0.885724373935206,0.828543719197387
"31","DMSO","GSM5016343",2,"inlysate","GSM5016381",4,"truseq_RNA",0.889730529677388,0.830276200013426
"32","DMSO","GSM5016343",2,"inlysate","GSM5016382",5,"truseq_RNA",0.890534372459208,0.809102146094429
"33","DMSO","GSM5016343",2,"inlysate","GSM5016383",6,"truseq_RNA",0.891834457976877,0.821554922529582
"34","DMSO","GSM5016344",3,"inlysate","GSM5016345",4,"inlysate",0.926131003856791,0.982120471903282
"35","DMSO","GSM5016344",3,"inlysate","GSM5016346",5,"inlysate",0.928520159734794,0.971455256346891
"36","DMSO","GSM5016344",3,"inlysate","GSM5016347",6,"inlysate",0.92549112132694,0.955762999890667
"37","DMSO","GSM5016344",3,"inlysate","GSM5016360",1,"purified_RNA",0.921882617732804,0.924225121915899
"38","DMSO","GSM5016344",3,"inlysate","GSM5016361",2,"purified_RNA",0.926142782198754,0.953651158161662
"39","DMSO","GSM5016344",3,"inlysate","GSM5016362",3,"purified_RNA",0.928219642098067,0.979473191230545
"40","DMSO","GSM5016344",3,"inlysate","GSM5016363",4,"purified_RNA",0.919868387175782,0.945489973521008
"41","DMSO","GSM5016344",3,"inlysate","GSM5016364",5,"purified_RNA",0.925788630608717,0.94562537001408
"42","DMSO","GSM5016344",3,"inlysate","GSM5016365",6,"purified_RNA",0.924098210782982,0.933537101225191
"43","DMSO","GSM5016344",3,"inlysate","GSM5016378",1,"truseq_RNA",0.887820884759893,0.805395772982515
"44","DMSO","GSM5016344",3,"inlysate","GSM5016379",2,"truseq_RNA",0.885420742482668,0.79843667411168
"45","DMSO","GSM5016344",3,"inlysate","GSM5016380",3,"truseq_RNA",0.890296278512526,0.835771393302739
"46","DMSO","GSM5016344",3,"inlysate","GSM5016381",4,"truseq_RNA",0.889439631476037,0.816087745438405
"47","DMSO","GSM5016344",3,"inlysate","GSM5016382",5,"truseq_RNA",0.888207702522,0.805266583216654
"48","DMSO","GSM5016344",3,"inlysate","GSM5016383",6,"truseq_RNA",0.892956528465518,0.80070460866018
"49","DMSO","GSM5016345",4,"inlysate","GSM5016346",5,"inlysate",0.924497704258436,0.971838199849381
"50","DMSO","GSM5016345",4,"inlysate","GSM5016347",6,"inlysate",0.920951300110543,0.944389220453143
"51","DMSO","GSM5016345",4,"inlysate","GSM5016360",1,"purified_RNA",0.921619227472153,0.937517644871317
"52","DMSO","GSM5016345",4,"inlysate","GSM5016361",2,"purified_RNA",0.924184198776841,0.953337220981325
"53","DMSO","GSM5016345",4,"inlysate","GSM5016362",3,"purified_RNA",0.918434636370659,0.955596606978144
"54","DMSO","GSM5016345",4,"inlysate","GSM5016363",4,"purified_RNA",0.921750650858707,0.959288220728703
"55","DMSO","GSM5016345",4,"inlysate","GSM5016364",5,"purified_RNA",0.92037945075533,0.941577250954691
"56","DMSO","GSM5016345",4,"inlysate","GSM5016365",6,"purified_RNA",0.917436518181607,0.913545467462563
"57","DMSO","GSM5016345",4,"inlysate","GSM5016378",1,"truseq_RNA",0.886776298965369,0.829986627793847
"58","DMSO","GSM5016345",4,"inlysate","GSM5016379",2,"truseq_RNA",0.882505343878869,0.805603536330241
"59","DMSO","GSM5016345",4,"inlysate","GSM5016380",3,"truseq_RNA",0.881382241791986,0.820319147082364
"60","DMSO","GSM5016345",4,"inlysate","GSM5016381",4,"truseq_RNA",0.889349635243631,0.843836459068938
"61","DMSO","GSM5016345",4,"inlysate","GSM5016382",5,"truseq_RNA",0.883040190477309,0.802665655251872
"62","DMSO","GSM5016345",4,"inlysate","GSM5016383",6,"truseq_RNA",0.887155982447039,0.790473905213148
"63","DMSO","GSM5016346",5,"inlysate","GSM5016347",6,"inlysate",0.925104298140341,0.92791195614446
"64","DMSO","GSM5016346",5,"inlysate","GSM5016360",1,"purified_RNA",0.920559750761403,0.939840721434215
"65","DMSO","GSM5016346",5,"inlysate","GSM5016361",2,"purified_RNA",0.925863459503179,0.943938441332564
"66","DMSO","GSM5016346",5,"inlysate","GSM5016362",3,"purified_RNA",0.923314996574628,0.950288861574295
"67","DMSO","GSM5016346",5,"inlysate","GSM5016363",4,"purified_RNA",0.921307411990762,0.938307757063287
"68","DMSO","GSM5016346",5,"inlysate","GSM5016364",5,"purified_RNA",0.930511660291022,0.978144656770404
"69","DMSO","GSM5016346",5,"inlysate","GSM5016365",6,"purified_RNA",0.925148420390095,0.905352299863767
"70","DMSO","GSM5016346",5,"inlysate","GSM5016378",1,"truseq_RNA",0.886038093003109,0.84506691187249
"71","DMSO","GSM5016346",5,"inlysate","GSM5016379",2,"truseq_RNA",0.882968395129733,0.807517843350584
"72","DMSO","GSM5016346",5,"inlysate","GSM5016380",3,"truseq_RNA",0.884786794787677,0.835617207846805
"73","DMSO","GSM5016346",5,"inlysate","GSM5016381",4,"truseq_RNA",0.886086306218501,0.835619647269881
"74","DMSO","GSM5016346",5,"inlysate","GSM5016382",5,"truseq_RNA",0.889010225252955,0.858196385066355
"75","DMSO","GSM5016346",5,"inlysate","GSM5016383",6,"truseq_RNA",0.891662440966806,0.793348638576752
"76","DMSO","GSM5016347",6,"inlysate","GSM5016360",1,"purified_RNA",0.915722496331005,0.878614113051008
"77","DMSO","GSM5016347",6,"inlysate","GSM5016361",2,"purified_RNA",0.920134333112833,0.936854893513488
"78","DMSO","GSM5016347",6,"inlysate","GSM5016362",3,"purified_RNA",0.914150684172428,0.921879654746911
"79","DMSO","GSM5016347",6,"inlysate","GSM5016363",4,"purified_RNA",0.920392973087164,0.885109881121062
"80","DMSO","GSM5016347",6,"inlysate","GSM5016364",5,"purified_RNA",0.917515860072668,0.895538694384415
"81","DMSO","GSM5016347",6,"inlysate","GSM5016365",6,"purified_RNA",0.92787348358736,0.964839181418076
"82","DMSO","GSM5016347",6,"inlysate","GSM5016378",1,"truseq_RNA",0.879156763120381,0.792704105886211
"83","DMSO","GSM5016347",6,"inlysate","GSM5016379",2,"truseq_RNA",0.87562346963949,0.825172092781916
"84","DMSO","GSM5016347",6,"inlysate","GSM5016380",3,"truseq_RNA",0.878728151034738,0.815968467927752
"85","DMSO","GSM5016347",6,"inlysate","GSM5016381",4,"truseq_RNA",0.880683135102632,0.788682511160741
"86","DMSO","GSM5016347",6,"inlysate","GSM5016382",5,"truseq_RNA",0.877996362651907,0.780457646009812
"87","DMSO","GSM5016347",6,"inlysate","GSM5016383",6,"truseq_RNA",0.888779269732202,0.867572984428828
"88","DMSO","GSM5016360",1,"purified_RNA","GSM5016361",2,"purified_RNA",0.932348930946108,0.955521509946867
"89","DMSO","GSM5016360",1,"purified_RNA","GSM5016362",3,"purified_RNA",0.929577067053863,0.937964517449012
"90","DMSO","GSM5016360",1,"purified_RNA","GSM5016363",4,"purified_RNA",0.932255726575292,0.976720587472401
"91","DMSO","GSM5016360",1,"purified_RNA","GSM5016364",5,"purified_RNA",0.932568024238148,0.961957042678219
"92","DMSO","GSM5016360",1,"purified_RNA","GSM5016365",6,"purified_RNA",0.927348497832921,0.919623447825766
"93","DMSO","GSM5016360",1,"purified_RNA","GSM5016378",1,"truseq_RNA",0.902264914587144,0.837969679527599
"94","DMSO","GSM5016360",1,"purified_RNA","GSM5016379",2,"truseq_RNA",0.88704949767543,0.727795076441215
"95","DMSO","GSM5016360",1,"purified_RNA","GSM5016380",3,"truseq_RNA",0.887078379748153,0.733498145053973
"96","DMSO","GSM5016360",1,"purified_RNA","GSM5016381",4,"truseq_RNA",0.896134692003229,0.815605109995294
"97","DMSO","GSM5016360",1,"purified_RNA","GSM5016382",5,"truseq_RNA",0.888489419223068,0.762765175189767
"98","DMSO","GSM5016360",1,"purified_RNA","GSM5016383",6,"truseq_RNA",0.892627616793029,0.739979872157135
"99","DMSO","GSM5016361",2,"purified_RNA","GSM5016362",3,"purified_RNA",0.931980658876925,0.956954400782221
"100","DMSO","GSM5016361",2,"purified_RNA","GSM5016363",4,"purified_RNA",0.929280192604823,0.963400676991103
"101","DMSO","GSM5016361",2,"purified_RNA","GSM5016364",5,"purified_RNA",0.935819335780116,0.959753329902464
"102","DMSO","GSM5016361",2,"purified_RNA","GSM5016365",6,"purified_RNA",0.929793294858618,0.955822051878567
"103","DMSO","GSM5016361",2,"purified_RNA","GSM5016378",1,"truseq_RNA",0.893559289556134,0.823089996189387
"104","DMSO","GSM5016361",2,"purified_RNA","GSM5016379",2,"truseq_RNA",0.896201501622027,0.81661511096321
"105","DMSO","GSM5016361",2,"purified_RNA","GSM5016380",3,"truseq_RNA",0.888049217858907,0.806306692703929
"106","DMSO","GSM5016361",2,"purified_RNA","GSM5016381",4,"truseq_RNA",0.895175541584061,0.82900649073908
"107","DMSO","GSM5016361",2,"purified_RNA","GSM5016382",5,"truseq_RNA",0.894909151646662,0.790186378175353
"108","DMSO","GSM5016361",2,"purified_RNA","GSM5016383",6,"truseq_RNA",0.897010698541235,0.808877803825368
"109","DMSO","GSM5016362",3,"purified_RNA","GSM5016363",4,"purified_RNA",0.924034891345981,0.958828098738108
"110","DMSO","GSM5016362",3,"purified_RNA","GSM5016364",5,"purified_RNA",0.933913962663688,0.954117430630797
"111","DMSO","GSM5016362",3,"purified_RNA","GSM5016365",6,"purified_RNA",0.927491023287753,0.941286066568671
"112","DMSO","GSM5016362",3,"purified_RNA","GSM5016378",1,"truseq_RNA",0.896585481564433,0.798159651502828
"113","DMSO","GSM5016362",3,"purified_RNA","GSM5016379",2,"truseq_RNA",0.894783907068077,0.766334284788018
"114","DMSO","GSM5016362",3,"purified_RNA","GSM5016380",3,"truseq_RNA",0.904065109544498,0.819423150739814
"115","DMSO","GSM5016362",3,"purified_RNA","GSM5016381",4,"truseq_RNA",0.897824147897201,0.817731929630608
"116","DMSO","GSM5016362",3,"purified_RNA","GSM5016382",5,"truseq_RNA",0.897731081098028,0.788594013219788
"117","DMSO","GSM5016362",3,"purified_RNA","GSM5016383",6,"truseq_RNA",0.900342656829441,0.780297273227842
"118","DMSO","GSM5016363",4,"purified_RNA","GSM5016364",5,"purified_RNA",0.927694569214217,0.95808866209103
"119","DMSO","GSM5016363",4,"purified_RNA","GSM5016365",6,"purified_RNA",0.927267306731009,0.921657287311763
"120","DMSO","GSM5016363",4,"purified_RNA","GSM5016378",1,"truseq_RNA",0.890194401604334,0.820138769342416
"121","DMSO","GSM5016363",4,"purified_RNA","GSM5016379",2,"truseq_RNA",0.880641233030549,0.73291956675597
"122","DMSO","GSM5016363",4,"purified_RNA","GSM5016380",3,"truseq_RNA",0.882507269682033,0.765905243276586
"123","DMSO","GSM5016363",4,"purified_RNA","GSM5016381",4,"truseq_RNA",0.894575644925859,0.842247554651853
"124","DMSO","GSM5016363",4,"purified_RNA","GSM5016382",5,"truseq_RNA",0.882472386589364,0.760531202251232
"125","DMSO","GSM5016363",4,"purified_RNA","GSM5016383",6,"truseq_RNA",0.888616307983372,0.746250168044027
"126","DMSO","GSM5016364",5,"purified_RNA","GSM5016365",6,"purified_RNA",0.93034921393103,0.916697624737785
"127","DMSO","GSM5016364",5,"purified_RNA","GSM5016378",1,"truseq_RNA",0.891165180576375,0.833666566578757
"128","DMSO","GSM5016364",5,"purified_RNA","GSM5016379",2,"truseq_RNA",0.889806144383501,0.769719029382503
"129","DMSO","GSM5016364",5,"purified_RNA","GSM5016380",3,"truseq_RNA",0.888474630995673,0.80134132755363
"130","DMSO","GSM5016364",5,"purified_RNA","GSM5016381",4,"truseq_RNA",0.891731757416781,0.825811561216021
"131","DMSO","GSM5016364",5,"purified_RNA","GSM5016382",5,"truseq_RNA",0.898314134003455,0.832779923582552
"132","DMSO","GSM5016364",5,"purified_RNA","GSM5016383",6,"truseq_RNA",0.896206008104205,0.769773858677842
"133","DMSO","GSM5016365",6,"purified_RNA","GSM5016378",1,"truseq_RNA",0.889783009441249,0.781556762445324
"134","DMSO","GSM5016365",6,"purified_RNA","GSM5016379",2,"truseq_RNA",0.884473358081289,0.765093474733379
"135","DMSO","GSM5016365",6,"purified_RNA","GSM5016380",3,"truseq_RNA",0.889836674792954,0.769350560922769
"136","DMSO","GSM5016365",6,"purified_RNA","GSM5016381",4,"truseq_RNA",0.891544331620172,0.781899396476101
"137","DMSO","GSM5016365",6,"purified_RNA","GSM5016382",5,"truseq_RNA",0.88763863535794,0.745381184329287
"138","DMSO","GSM5016365",6,"purified_RNA","GSM5016383",6,"truseq_RNA",0.902913081615488,0.840458302479217
"139","DMSO","GSM5016378",1,"truseq_RNA","GSM5016379",2,"truseq_RNA",0.917584888281365,0.907479970482552
"140","DMSO","GSM5016378",1,"truseq_RNA","GSM5016380",3,"truseq_RNA",0.917720138307483,0.896638988967517
"141","DMSO","GSM5016378",1,"truseq_RNA","GSM5016381",4,"truseq_RNA",0.926583150636295,0.970026298305302
"142","DMSO","GSM5016378",1,"truseq_RNA","GSM5016382",5,"truseq_RNA",0.917959264089627,0.936990993460008
"143","DMSO","GSM5016378",1,"truseq_RNA","GSM5016383",6,"truseq_RNA",0.917504804896733,0.909781939304249
"144","DMSO","GSM5016379",2,"truseq_RNA","GSM5016380",3,"truseq_RNA",0.919270627557818,0.950589099334869
"145","DMSO","GSM5016379",2,"truseq_RNA","GSM5016381",4,"truseq_RNA",0.91753605871824,0.909903796608735
"146","DMSO","GSM5016379",2,"truseq_RNA","GSM5016382",5,"truseq_RNA",0.92467856938402,0.930310584959812
"147","DMSO","GSM5016379",2,"truseq_RNA","GSM5016383",6,"truseq_RNA",0.920599912135237,0.933165955540697
"148","DMSO","GSM5016380",3,"truseq_RNA","GSM5016381",4,"truseq_RNA",0.916763412058472,0.9281305008153
"149","DMSO","GSM5016380",3,"truseq_RNA","GSM5016382",5,"truseq_RNA",0.91893664965746,0.953702527397586
"150","DMSO","GSM5016380",3,"truseq_RNA","GSM5016383",6,"truseq_RNA",0.919275569571472,0.921558282137441
"151","DMSO","GSM5016381",4,"truseq_RNA","GSM5016382",5,"truseq_RNA",0.919257809466831,0.929676062064128
"152","DMSO","GSM5016381",4,"truseq_RNA","GSM5016383",6,"truseq_RNA",0.920708943789363,0.90664064775069
"153","DMSO","GSM5016382",5,"truseq_RNA","GSM5016383",6,"truseq_RNA",0.921584737349305,0.893628359039761
"154","calmidazolium","GSM5016348",1,"inlysate","GSM5016349",2,"inlysate",0.901002757299329,0.978856082404327
"155","calmidazolium","GSM5016348",1,"inlysate","GSM5016350",3,"inlysate",0.912914827482082,0.964012218467083
"156","calmidazolium","GSM5016348",1,"inlysate","GSM5016351",4,"inlysate",0.921924956862792,0.983293982281494
"157","calmidazolium","GSM5016348",1,"inlysate","GSM5016352",5,"inlysate",0.898265119124975,0.975133488763109
"158","calmidazolium","GSM5016348",1,"inlysate","GSM5016353",6,"inlysate",0.906533926685417,0.951011428203906
"159","calmidazolium","GSM5016348",1,"inlysate","GSM5016366",1,"purified_RNA",0.922425161315591,0.926696325095686
"160","calmidazolium","GSM5016348",1,"inlysate","GSM5016367",2,"purified_RNA",0.920220060269391,0.946970108607492
"161","calmidazolium","GSM5016348",1,"inlysate","GSM5016368",3,"purified_RNA",0.91599633476844,0.860310956252211
"162","calmidazolium","GSM5016348",1,"inlysate","GSM5016369",4,"purified_RNA",0.917889390202862,0.928121321891148
"163","calmidazolium","GSM5016348",1,"inlysate","GSM5016370",5,"purified_RNA",0.918001297312063,0.931105982683211
"164","calmidazolium","GSM5016348",1,"inlysate","GSM5016371",6,"purified_RNA",0.917624391497884,0.907812472513653
"165","calmidazolium","GSM5016348",1,"inlysate","GSM5016384",1,"truseq_RNA",0.889613196776003,0.802640979470614
"166","calmidazolium","GSM5016348",1,"inlysate","GSM5016385",2,"truseq_RNA",0.884385390934557,0.797149170791274
"167","calmidazolium","GSM5016348",1,"inlysate","GSM5016386",3,"truseq_RNA",0.883657065849431,0.785392067682886
"168","calmidazolium","GSM5016348",1,"inlysate","GSM5016387",4,"truseq_RNA",0.886593056514143,0.774813454381085
"169","calmidazolium","GSM5016348",1,"inlysate","GSM5016388",5,"truseq_RNA",0.882075495668654,0.781602237773171
"170","calmidazolium","GSM5016348",1,"inlysate","GSM5016389",6,"truseq_RNA",0.88734214298525,0.752843617403609
"171","calmidazolium","GSM5016349",2,"inlysate","GSM5016350",3,"inlysate",0.916416823229004,0.976030693370091
"172","calmidazolium","GSM5016349",2,"inlysate","GSM5016351",4,"inlysate",0.904255424344975,0.979935125987314
"173","calmidazolium","GSM5016349",2,"inlysate","GSM5016352",5,"inlysate",0.911696221250839,0.963686684041866
"174","calmidazolium","GSM5016349",2,"inlysate","GSM5016353",6,"inlysate",0.915377111807067,0.973908775229902
"175","calmidazolium","GSM5016349",2,"inlysate","GSM5016366",1,"purified_RNA",0.890899089937338,0.907566032922226
"176","calmidazolium","GSM5016349",2,"inlysate","GSM5016367",2,"purified_RNA",0.890469596325282,0.964311175432136
"177","calmidazolium","GSM5016349",2,"inlysate","GSM5016368",3,"purified_RNA",0.897803369641217,0.879724470136381
"178","calmidazolium","GSM5016349",2,"inlysate","GSM5016369",4,"purified_RNA",0.889449265296523,0.919706004461414
"179","calmidazolium","GSM5016349",2,"inlysate","GSM5016370",5,"purified_RNA",0.891655839084806,0.923669851606086
"180","calmidazolium","GSM5016349",2,"inlysate","GSM5016371",6,"purified_RNA",0.902446526192252,0.928368870666733
"181","calmidazolium","GSM5016349",2,"inlysate","GSM5016384",1,"truseq_RNA",0.857186091628964,0.797295624208729
"182","calmidazolium","GSM5016349",2,"inlysate","GSM5016385",2,"truseq_RNA",0.858823025558258,0.837678441398858
"183","calmidazolium","GSM5016349",2,"inlysate","GSM5016386",3,"truseq_RNA",0.859149313856252,0.814895840512157
"184","calmidazolium","GSM5016349",2,"inlysate","GSM5016387",4,"truseq_RNA",0.860268353666785,0.782101121219354
"185","calmidazolium","GSM5016349",2,"inlysate","GSM5016388",5,"truseq_RNA",0.853723613666352,0.793328852325718
"186","calmidazolium","GSM5016349",2,"inlysate","GSM5016389",6,"truseq_RNA",0.863924519777452,0.795546207559413
"187","calmidazolium","GSM5016350",3,"inlysate","GSM5016351",4,"inlysate",0.913639861537315,0.981074966823969
"188","calmidazolium","GSM5016350",3,"inlysate","GSM5016352",5,"inlysate",0.91277004809234,0.971879469757588
"189","calmidazolium","GSM5016350",3,"inlysate","GSM5016353",6,"inlysate",0.919207519556922,0.959394829611232
"190","calmidazolium","GSM5016350",3,"inlysate","GSM5016366",1,"purified_RNA",0.904127837652012,0.900094551258131
"191","calmidazolium","GSM5016350",3,"inlysate","GSM5016367",2,"purified_RNA",0.902038940730305,0.948087876118988
"192","calmidazolium","GSM5016350",3,"inlysate","GSM5016368",3,"purified_RNA",0.916291029185984,0.904032999473955
"193","calmidazolium","GSM5016350",3,"inlysate","GSM5016369",4,"purified_RNA",0.901866194588142,0.932231824636768
"194","calmidazolium","GSM5016350",3,"inlysate","GSM5016370",5,"purified_RNA",0.904702252501084,0.937887824214623
"195","calmidazolium","GSM5016350",3,"inlysate","GSM5016371",6,"purified_RNA",0.912838780772496,0.928328014242279
"196","calmidazolium","GSM5016350",3,"inlysate","GSM5016384",1,"truseq_RNA",0.871322603096578,0.775785494873435
"197","calmidazolium","GSM5016350",3,"inlysate","GSM5016385",2,"truseq_RNA",0.869392885784555,0.789581934445843
"198","calmidazolium","GSM5016350",3,"inlysate","GSM5016386",3,"truseq_RNA",0.877067354762975,0.824371851537323
"199","calmidazolium","GSM5016350",3,"inlysate","GSM5016387",4,"truseq_RNA",0.872418801615344,0.78269039847979
"200","calmidazolium","GSM5016350",3,"inlysate","GSM5016388",5,"truseq_RNA",0.866608411770631,0.788420046339503
"201","calmidazolium","GSM5016350",3,"inlysate","GSM5016389",6,"truseq_RNA",0.876094855589931,0.777207527510636
"202","calmidazolium","GSM5016351",4,"inlysate","GSM5016352",5,"inlysate",0.897985452626174,0.974686919450772
"203","calmidazolium","GSM5016351",4,"inlysate","GSM5016353",6,"inlysate",0.906800149690173,0.947016846956742
"204","calmidazolium","GSM5016351",4,"inlysate","GSM5016366",1,"purified_RNA",0.916854207741275,0.920783937464958
"205","calmidazolium","GSM5016351",4,"inlysate","GSM5016367",2,"purified_RNA",0.918959759318702,0.952279673235032
"206","calmidazolium","GSM5016351",4,"inlysate","GSM5016368",3,"purified_RNA",0.917492073804685,0.886088925024361
"207","calmidazolium","GSM5016351",4,"inlysate","GSM5016369",4,"purified_RNA",0.920079276284883,0.949290819486849
"208","calmidazolium","GSM5016351",4,"inlysate","GSM5016370",5,"purified_RNA",0.916154138316347,0.936557628305396
"209","calmidazolium","GSM5016351",4,"inlysate","GSM5016371",6,"purified_RNA",0.91725633445204,0.913663567493208
"210","calmidazolium","GSM5016351",4,"inlysate","GSM5016384",1,"truseq_RNA",0.885552281219528,0.799607953951018
"211","calmidazolium","GSM5016351",4,"inlysate","GSM5016385",2,"truseq_RNA",0.882771791828607,0.798177210049402
"212","calmidazolium","GSM5016351",4,"inlysate","GSM5016386",3,"truseq_RNA",0.881755589926307,0.810680513798568
"213","calmidazolium","GSM5016351",4,"inlysate","GSM5016387",4,"truseq_RNA",0.888564862677308,0.808652741855601
"214","calmidazolium","GSM5016351",4,"inlysate","GSM5016388",5,"truseq_RNA",0.879488922487637,0.788245384499956
"215","calmidazolium","GSM5016351",4,"inlysate","GSM5016389",6,"truseq_RNA",0.883912909823613,0.763131538627827
"216","calmidazolium","GSM5016352",5,"inlysate","GSM5016353",6,"inlysate",0.911519214676855,0.938943143845768
"217","calmidazolium","GSM5016352",5,"inlysate","GSM5016366",1,"purified_RNA",0.886199460348041,0.9204569633922
"218","calmidazolium","GSM5016352",5,"inlysate","GSM5016367",2,"purified_RNA",0.883952529654869,0.937632178285825
"219","calmidazolium","GSM5016352",5,"inlysate","GSM5016368",3,"purified_RNA",0.895249935792553,0.876980896885971
"220","calmidazolium","GSM5016352",5,"inlysate","GSM5016369",4,"purified_RNA",0.881656856696366,0.934626423225127
"221","calmidazolium","GSM5016352",5,"inlysate","GSM5016370",5,"purified_RNA",0.891410465034561,0.964930140471541
"222","calmidazolium","GSM5016352",5,"inlysate","GSM5016371",6,"purified_RNA",0.897845876949056,0.90984231179098
"223","calmidazolium","GSM5016352",5,"inlysate","GSM5016384",1,"truseq_RNA",0.852882911203601,0.812985105571827
"224","calmidazolium","GSM5016352",5,"inlysate","GSM5016385",2,"truseq_RNA",0.852122061037821,0.799197769659025
"225","calmidazolium","GSM5016352",5,"inlysate","GSM5016386",3,"truseq_RNA",0.855394938952325,0.822621377976194
"226","calmidazolium","GSM5016352",5,"inlysate","GSM5016387",4,"truseq_RNA",0.852819409697362,0.803206171859117
"227","calmidazolium","GSM5016352",5,"inlysate","GSM5016388",5,"truseq_RNA",0.852926110271257,0.835619942847463
"228","calmidazolium","GSM5016352",5,"inlysate","GSM5016389",6,"truseq_RNA",0.858438880580284,0.76936119590421
"229","calmidazolium","GSM5016353",6,"inlysate","GSM5016366",1,"purified_RNA",0.89638047953657,0.878842316577338
"230","calmidazolium","GSM5016353",6,"inlysate","GSM5016367",2,"purified_RNA",0.89382826109389,0.939058527454502
"231","calmidazolium","GSM5016353",6,"inlysate","GSM5016368",3,"purified_RNA",0.903181030076316,0.854115644197319
"232","calmidazolium","GSM5016353",6,"inlysate","GSM5016369",4,"purified_RNA",0.892128410495316,0.888124417501459
"233","calmidazolium","GSM5016353",6,"inlysate","GSM5016370",5,"purified_RNA",0.898044526184817,0.897359442837822
"234","calmidazolium","GSM5016353",6,"inlysate","GSM5016371",6,"purified_RNA",0.909252721397559,0.952353685355408
"235","calmidazolium","GSM5016353",6,"inlysate","GSM5016384",1,"truseq_RNA",0.863244596784524,0.76633314858304
"236","calmidazolium","GSM5016353",6,"inlysate","GSM5016385",2,"truseq_RNA",0.863141671508427,0.799556728768686
"237","calmidazolium","GSM5016353",6,"inlysate","GSM5016386",3,"truseq_RNA",0.86615799285436,0.782610605592441
"238","calmidazolium","GSM5016353",6,"inlysate","GSM5016387",4,"truseq_RNA",0.86378804620654,0.747687937967533
"239","calmidazolium","GSM5016353",6,"inlysate","GSM5016388",5,"truseq_RNA",0.860009808998628,0.75346605292654
"240","calmidazolium","GSM5016353",6,"inlysate","GSM5016389",6,"truseq_RNA",0.873098649978191,0.820681873008191
"241","calmidazolium","GSM5016366",1,"purified_RNA","GSM5016367",2,"purified_RNA",0.932005817212665,0.954141170876329
"242","calmidazolium","GSM5016366",1,"purified_RNA","GSM5016368",3,"purified_RNA",0.926450446851582,0.919553993639527
"243","calmidazolium","GSM5016366",1,"purified_RNA","GSM5016369",4,"purified_RNA",0.936577821581792,0.980328366433475
"244","calmidazolium","GSM5016366",1,"purified_RNA","GSM5016370",5,"purified_RNA",0.929754016043612,0.957405221669021
"245","calmidazolium","GSM5016366",1,"purified_RNA","GSM5016371",6,"purified_RNA",0.927270038206712,0.940112429822574
"246","calmidazolium","GSM5016366",1,"purified_RNA","GSM5016384",1,"truseq_RNA",0.905102262895992,0.827778037621523
"247","calmidazolium","GSM5016366",1,"purified_RNA","GSM5016385",2,"truseq_RNA",0.894848581136457,0.722118704436044
"248","calmidazolium","GSM5016366",1,"purified_RNA","GSM5016386",3,"truseq_RNA",0.890914605075353,0.726376310266838
"249","calmidazolium","GSM5016366",1,"purified_RNA","GSM5016387",4,"truseq_RNA",0.901853434063321,0.80501758893334
"250","calmidazolium","GSM5016366",1,"purified_RNA","GSM5016388",5,"truseq_RNA",0.888644737857666,0.736907977502779
"251","calmidazolium","GSM5016366",1,"purified_RNA","GSM5016389",6,"truseq_RNA",0.896339492092595,0.751788295264436
"252","calmidazolium","GSM5016367",2,"purified_RNA","GSM5016368",3,"purified_RNA",0.926744975539013,0.948606399214052
"253","calmidazolium","GSM5016367",2,"purified_RNA","GSM5016369",4,"purified_RNA",0.934620194779351,0.95396758307476
"254","calmidazolium","GSM5016367",2,"purified_RNA","GSM5016370",5,"purified_RNA",0.932118410817106,0.953444714248866
"255","calmidazolium","GSM5016367",2,"purified_RNA","GSM5016371",6,"purified_RNA",0.926997237805351,0.956969077404625
"256","calmidazolium","GSM5016367",2,"purified_RNA","GSM5016384",1,"truseq_RNA",0.898985798860806,0.788282377606332
"257","calmidazolium","GSM5016367",2,"purified_RNA","GSM5016385",2,"truseq_RNA",0.904641195050565,0.787738263886625
"258","calmidazolium","GSM5016367",2,"purified_RNA","GSM5016386",3,"truseq_RNA",0.893388245844388,0.76972790333354
"259","calmidazolium","GSM5016367",2,"purified_RNA","GSM5016387",4,"truseq_RNA",0.901661475498373,0.778657299202745
"260","calmidazolium","GSM5016367",2,"purified_RNA","GSM5016388",5,"truseq_RNA",0.896243079281074,0.75433071399215
"261","calmidazolium","GSM5016367",2,"purified_RNA","GSM5016389",6,"truseq_RNA",0.899888958445662,0.77453274623415
"262","calmidazolium","GSM5016368",3,"purified_RNA","GSM5016369",4,"purified_RNA",0.925882406975007,0.933203849737176
"263","calmidazolium","GSM5016368",3,"purified_RNA","GSM5016370",5,"purified_RNA",0.92523123327301,0.944846469021139
"264","calmidazolium","GSM5016368",3,"purified_RNA","GSM5016371",6,"purified_RNA",0.928020996771752,0.916841549986711
"265","calmidazolium","GSM5016368",3,"purified_RNA","GSM5016384",1,"truseq_RNA",0.891123962266611,0.743870130036281
"266","calmidazolium","GSM5016368",3,"purified_RNA","GSM5016385",2,"truseq_RNA",0.890506192352413,0.700921479477494
"267","calmidazolium","GSM5016368",3,"purified_RNA","GSM5016386",3,"truseq_RNA",0.900355815300564,0.744975760706003
"268","calmidazolium","GSM5016368",3,"purified_RNA","GSM5016387",4,"truseq_RNA",0.894348193525425,0.754896668752844
"269","calmidazolium","GSM5016368",3,"purified_RNA","GSM5016388",5,"truseq_RNA",0.888438929453017,0.713849097468481
"270","calmidazolium","GSM5016368",3,"purified_RNA","GSM5016389",6,"truseq_RNA",0.896078074248098,0.718397709927664
"271","calmidazolium","GSM5016369",4,"purified_RNA","GSM5016370",5,"purified_RNA",0.929829700618036,0.961512461809015
"272","calmidazolium","GSM5016369",4,"purified_RNA","GSM5016371",6,"purified_RNA",0.925922498699551,0.943547563756891
"273","calmidazolium","GSM5016369",4,"purified_RNA","GSM5016384",1,"truseq_RNA",0.900668698436188,0.818417733685541
"274","calmidazolium","GSM5016369",4,"purified_RNA","GSM5016385",2,"truseq_RNA",0.897124646265578,0.728922128128305
"275","calmidazolium","GSM5016369",4,"purified_RNA","GSM5016386",3,"truseq_RNA",0.892906760772574,0.756904884716449
"276","calmidazolium","GSM5016369",4,"purified_RNA","GSM5016387",4,"truseq_RNA",0.90831728746406,0.834548840679576
"277","calmidazolium","GSM5016369",4,"purified_RNA","GSM5016388",5,"truseq_RNA",0.891507798642865,0.749013037509457
"278","calmidazolium","GSM5016369",4,"purified_RNA","GSM5016389",6,"truseq_RNA",0.899545612581878,0.761583579160612
"279","calmidazolium","GSM5016370",5,"purified_RNA","GSM5016371",6,"purified_RNA",0.92584074434473,0.931004084409062
"280","calmidazolium","GSM5016370",5,"purified_RNA","GSM5016384",1,"truseq_RNA",0.896135614829087,0.825343577552873
"281","calmidazolium","GSM5016370",5,"purified_RNA","GSM5016385",2,"truseq_RNA",0.896743685698088,0.765642453844703
"282","calmidazolium","GSM5016370",5,"purified_RNA","GSM5016386",3,"truseq_RNA",0.892347181829091,0.799504254474747
"283","calmidazolium","GSM5016370",5,"purified_RNA","GSM5016387",4,"truseq_RNA",0.895959233984588,0.812592896954069
"284","calmidazolium","GSM5016370",5,"purified_RNA","GSM5016388",5,"truseq_RNA",0.901100757003213,0.8213823585203
"285","calmidazolium","GSM5016370",5,"purified_RNA","GSM5016389",6,"truseq_RNA",0.89670397326516,0.766880411717199
"286","calmidazolium","GSM5016371",6,"purified_RNA","GSM5016384",1,"truseq_RNA",0.891047723526081,0.780683806472041
"287","calmidazolium","GSM5016371",6,"purified_RNA","GSM5016385",2,"truseq_RNA",0.890310480576554,0.737416436737823
"288","calmidazolium","GSM5016371",6,"purified_RNA","GSM5016386",3,"truseq_RNA",0.889856008708863,0.744284078409416
"289","calmidazolium","GSM5016371",6,"purified_RNA","GSM5016387",4,"truseq_RNA",0.894792177049445,0.772986651446161
"290","calmidazolium","GSM5016371",6,"purified_RNA","GSM5016388",5,"truseq_RNA",0.88716061792029,0.72270646284888
"291","calmidazolium","GSM5016371",6,"purified_RNA","GSM5016389",6,"truseq_RNA",0.904926450135778,0.824009905445761
"292","calmidazolium","GSM5016384",1,"truseq_RNA","GSM5016385",2,"truseq_RNA",0.919556458647946,0.900754012807029
"293","calmidazolium","GSM5016384",1,"truseq_RNA","GSM5016386",3,"truseq_RNA",0.914374212874355,0.896397882304484
"294","calmidazolium","GSM5016384",1,"truseq_RNA","GSM5016387",4,"truseq_RNA",0.929039533691021,0.965069398944682
"295","calmidazolium","GSM5016384",1,"truseq_RNA","GSM5016388",5,"truseq_RNA",0.913374581014662,0.920952075810035
"296","calmidazolium","GSM5016384",1,"truseq_RNA","GSM5016389",6,"truseq_RNA",0.91978769181802,0.925336163721601
"297","calmidazolium","GSM5016385",2,"truseq_RNA","GSM5016386",3,"truseq_RNA",0.919076520654543,0.943087775244523
"298","calmidazolium","GSM5016385",2,"truseq_RNA","GSM5016387",4,"truseq_RNA",0.918674009009837,0.881444437601145
"299","calmidazolium","GSM5016385",2,"truseq_RNA","GSM5016388",5,"truseq_RNA",0.922667270019537,0.935438299687405
"300","calmidazolium","GSM5016385",2,"truseq_RNA","GSM5016389",6,"truseq_RNA",0.919403372584931,0.898574771207191
"301","calmidazolium","GSM5016386",3,"truseq_RNA","GSM5016387",4,"truseq_RNA",0.917024157686498,0.915243296365752
"302","calmidazolium","GSM5016386",3,"truseq_RNA","GSM5016388",5,"truseq_RNA",0.915683687256873,0.96213441542192
"303","calmidazolium","GSM5016386",3,"truseq_RNA","GSM5016389",6,"truseq_RNA",0.916118348213738,0.889676072047042
"304","calmidazolium","GSM5016387",4,"truseq_RNA","GSM5016388",5,"truseq_RNA",0.91490550571955,0.907699121005659
"305","calmidazolium","GSM5016387",4,"truseq_RNA","GSM5016389",6,"truseq_RNA",0.921067188997117,0.912833949076836
"306","calmidazolium","GSM5016388",5,"truseq_RNA","GSM5016389",6,"truseq_RNA",0.914365114832911,0.870391678686506
"307","fludrocortisone","GSM5016354",1,"inlysate","GSM5016355",2,"inlysate",0.923399807245532,0.982416362637261
"308","fludrocortisone","GSM5016354",1,"inlysate","GSM5016356",3,"inlysate",0.923148327310967,0.960904644287939
"309","fludrocortisone","GSM5016354",1,"inlysate","GSM5016357",4,"inlysate",0.925274523807762,0.986698634903726
"310","fludrocortisone","GSM5016354",1,"inlysate","GSM5016358",5,"inlysate",0.918332507001539,0.974270282373428
"311","fludrocortisone","GSM5016354",1,"inlysate","GSM5016359",6,"inlysate",0.922404362250704,0.960372511151724
"312","fludrocortisone","GSM5016354",1,"inlysate","GSM5016372",1,"purified_RNA",0.895255520501202,0.942920436564478
"313","fludrocortisone","GSM5016354",1,"inlysate","GSM5016373",2,"purified_RNA",0.895321411886907,0.922318026444888
"314","fludrocortisone","GSM5016354",1,"inlysate","GSM5016374",3,"purified_RNA",0.919017109165281,0.906651498248206
"315","fludrocortisone","GSM5016354",1,"inlysate","GSM5016375",4,"purified_RNA",0.895791681946878,0.935229076098649
"316","fludrocortisone","GSM5016354",1,"inlysate","GSM5016376",5,"purified_RNA",0.887289993861551,0.932749222591793
"317","fludrocortisone","GSM5016354",1,"inlysate","GSM5016377",6,"purified_RNA",0.906953754942887,0.871877727534301
"318","fludrocortisone","GSM5016354",1,"inlysate","GSM5016390",1,"truseq_RNA",0.876960805369874,0.831706928866986
"319","fludrocortisone","GSM5016354",1,"inlysate","GSM5016391",2,"truseq_RNA",0.872334705159137,0.808132318926886
"320","fludrocortisone","GSM5016354",1,"inlysate","GSM5016392",3,"truseq_RNA",0.864663700841643,0.796748990361854
"321","fludrocortisone","GSM5016354",1,"inlysate","GSM5016393",4,"truseq_RNA",0.875715409582597,0.808149815288444
"322","fludrocortisone","GSM5016354",1,"inlysate","GSM5016394",5,"truseq_RNA",0.870808731454975,0.808791331349102
"323","fludrocortisone","GSM5016354",1,"inlysate","GSM5016395",6,"truseq_RNA",0.871990593881565,0.79380434152701
"324","fludrocortisone","GSM5016355",2,"inlysate","GSM5016356",3,"inlysate",0.926519362594819,0.976995516549544
"325","fludrocortisone","GSM5016355",2,"inlysate","GSM5016357",4,"inlysate",0.922878832793733,0.985541291983456
"326","fludrocortisone","GSM5016355",2,"inlysate","GSM5016358",5,"inlysate",0.926196805716469,0.966762720604806
"327","fludrocortisone","GSM5016355",2,"inlysate","GSM5016359",6,"inlysate",0.921329205184613,0.976221235987816
"328","fludrocortisone","GSM5016355",2,"inlysate","GSM5016372",1,"purified_RNA",0.901734456269009,0.924309251691942
"329","fludrocortisone","GSM5016355",2,"inlysate","GSM5016373",2,"purified_RNA",0.907639012963708,0.925032054100112
"330","fludrocortisone","GSM5016355",2,"inlysate","GSM5016374",3,"purified_RNA",0.918493299148633,0.925833460614612
"331","fludrocortisone","GSM5016355",2,"inlysate","GSM5016375",4,"purified_RNA",0.903653400811783,0.931181121452807
"332","fludrocortisone","GSM5016355",2,"inlysate","GSM5016376",5,"purified_RNA",0.89921744408557,0.913166547711335
"333","fludrocortisone","GSM5016355",2,"inlysate","GSM5016377",6,"purified_RNA",0.915312144348072,0.876837386682285
"334","fludrocortisone","GSM5016355",2,"inlysate","GSM5016390",1,"truseq_RNA",0.877940093268369,0.807153790960208
"335","fludrocortisone","GSM5016355",2,"inlysate","GSM5016391",2,"truseq_RNA",0.883522652764134,0.810588759143994
"336","fludrocortisone","GSM5016355",2,"inlysate","GSM5016392",3,"truseq_RNA",0.873098017748677,0.796916828412436
"337","fludrocortisone","GSM5016355",2,"inlysate","GSM5016393",4,"truseq_RNA",0.880239671028192,0.801506313099022
"338","fludrocortisone","GSM5016355",2,"inlysate","GSM5016394",5,"truseq_RNA",0.879464757004319,0.789465999368466
"339","fludrocortisone","GSM5016355",2,"inlysate","GSM5016395",6,"truseq_RNA",0.880117305750544,0.797446445330413
"340","fludrocortisone","GSM5016356",3,"inlysate","GSM5016357",4,"inlysate",0.923502131081204,0.978539969904026
"341","fludrocortisone","GSM5016356",3,"inlysate","GSM5016358",5,"inlysate",0.925306380543241,0.962280398107197
"342","fludrocortisone","GSM5016356",3,"inlysate","GSM5016359",6,"inlysate",0.920602184251769,0.966517361713529
"343","fludrocortisone","GSM5016356",3,"inlysate","GSM5016372",1,"purified_RNA",0.900863004105328,0.898918810092558
"344","fludrocortisone","GSM5016356",3,"inlysate","GSM5016373",2,"purified_RNA",0.903295702788009,0.897845740270753
"345","fludrocortisone","GSM5016356",3,"inlysate","GSM5016374",3,"purified_RNA",0.925109149145752,0.932934040558647
"346","fludrocortisone","GSM5016356",3,"inlysate","GSM5016375",4,"purified_RNA",0.902899716763062,0.924936389233113
"347","fludrocortisone","GSM5016356",3,"inlysate","GSM5016376",5,"purified_RNA",0.897921675867618,0.910110514192079
"348","fludrocortisone","GSM5016356",3,"inlysate","GSM5016377",6,"purified_RNA",0.915130740213768,0.857674098598267
"349","fludrocortisone","GSM5016356",3,"inlysate","GSM5016390",1,"truseq_RNA",0.878928026757804,0.777208440004299
"350","fludrocortisone","GSM5016356",3,"inlysate","GSM5016391",2,"truseq_RNA",0.880102188685583,0.778815334929744
"351","fludrocortisone","GSM5016356",3,"inlysate","GSM5016392",3,"truseq_RNA",0.879042424611708,0.814604204468383
"352","fludrocortisone","GSM5016356",3,"inlysate","GSM5016393",4,"truseq_RNA",0.881797075343825,0.789816300114198
"353","fludrocortisone","GSM5016356",3,"inlysate","GSM5016394",5,"truseq_RNA",0.880531862434819,0.787418192927607
"354","fludrocortisone","GSM5016356",3,"inlysate","GSM5016395",6,"truseq_RNA",0.882043246771828,0.779718551252376
"355","fludrocortisone","GSM5016357",4,"inlysate","GSM5016358",5,"inlysate",0.921956306983595,0.978722093903774
"356","fludrocortisone","GSM5016357",4,"inlysate","GSM5016359",6,"inlysate",0.922032813983419,0.959885442436232
"357","fludrocortisone","GSM5016357",4,"inlysate","GSM5016372",1,"purified_RNA",0.896891905394109,0.947900923282974
"358","fludrocortisone","GSM5016357",4,"inlysate","GSM5016373",2,"purified_RNA",0.898173677796296,0.930664900755982
"359","fludrocortisone","GSM5016357",4,"inlysate","GSM5016374",3,"purified_RNA",0.919122678600714,0.924379231644224
"360","fludrocortisone","GSM5016357",4,"inlysate","GSM5016375",4,"purified_RNA",0.899589399499596,0.961646078346348
"361","fludrocortisone","GSM5016357",4,"inlysate","GSM5016376",5,"purified_RNA",0.891253491916978,0.940645958112288
"362","fludrocortisone","GSM5016357",4,"inlysate","GSM5016377",6,"purified_RNA",0.909304076790264,0.878489994845603
"363","fludrocortisone","GSM5016357",4,"inlysate","GSM5016390",1,"truseq_RNA",0.875830369562669,0.820852568431271
"364","fludrocortisone","GSM5016357",4,"inlysate","GSM5016391",2,"truseq_RNA",0.875272539587073,0.78851938490019
"365","fludrocortisone","GSM5016357",4,"inlysate","GSM5016392",3,"truseq_RNA",0.8682612602019,0.795724462100384
"366","fludrocortisone","GSM5016357",4,"inlysate","GSM5016393",4,"truseq_RNA",0.880079054798905,0.826716422169867
"367","fludrocortisone","GSM5016357",4,"inlysate","GSM5016394",5,"truseq_RNA",0.874216436877641,0.800590112697543
"368","fludrocortisone","GSM5016357",4,"inlysate","GSM5016395",6,"truseq_RNA",0.875308250981952,0.773961362850326
"369","fludrocortisone","GSM5016358",5,"inlysate","GSM5016359",6,"inlysate",0.915460913566914,0.939738823008954
"370","fludrocortisone","GSM5016358",5,"inlysate","GSM5016372",1,"purified_RNA",0.909226927178996,0.939754504728795
"371","fludrocortisone","GSM5016358",5,"inlysate","GSM5016373",2,"purified_RNA",0.91362023907508,0.90985823018419
"372","fludrocortisone","GSM5016358",5,"inlysate","GSM5016374",3,"purified_RNA",0.916850718283838,0.91935751543383
"373","fludrocortisone","GSM5016358",5,"inlysate","GSM5016375",4,"purified_RNA",0.911982678258799,0.939598115425742
"374","fludrocortisone","GSM5016358",5,"inlysate","GSM5016376",5,"purified_RNA",0.910695811309991,0.960739837312103
"375","fludrocortisone","GSM5016358",5,"inlysate","GSM5016377",6,"purified_RNA",0.920625578205009,0.857760389931547
"376","fludrocortisone","GSM5016358",5,"inlysate","GSM5016390",1,"truseq_RNA",0.880535116331436,0.835935110048072
"377","fludrocortisone","GSM5016358",5,"inlysate","GSM5016391",2,"truseq_RNA",0.88608483662795,0.795395747450434
"378","fludrocortisone","GSM5016358",5,"inlysate","GSM5016392",3,"truseq_RNA",0.876711470116278,0.816430295798081
"379","fludrocortisone","GSM5016358",5,"inlysate","GSM5016393",4,"truseq_RNA",0.884377185280508,0.82861113556634
"380","fludrocortisone","GSM5016358",5,"inlysate","GSM5016394",5,"truseq_RNA",0.888462826480231,0.849671255763213
"381","fludrocortisone","GSM5016358",5,"inlysate","GSM5016395",6,"truseq_RNA",0.884734108607143,0.779336456720352
"382","fludrocortisone","GSM5016359",6,"inlysate","GSM5016372",1,"purified_RNA",0.882260449867765,0.892266947082642
"383","fludrocortisone","GSM5016359",6,"inlysate","GSM5016373",2,"purified_RNA",0.885742929013272,0.916493199537016
"384","fludrocortisone","GSM5016359",6,"inlysate","GSM5016374",3,"purified_RNA",0.917272336321038,0.903220565406741
"385","fludrocortisone","GSM5016359",6,"inlysate","GSM5016375",4,"purified_RNA",0.885012302037891,0.902099713445914
"386","fludrocortisone","GSM5016359",6,"inlysate","GSM5016376",5,"purified_RNA",0.878070321280986,0.898803842725044
"387","fludrocortisone","GSM5016359",6,"inlysate","GSM5016377",6,"purified_RNA",0.903450469209609,0.91087390888273
"388","fludrocortisone","GSM5016359",6,"inlysate","GSM5016390",1,"truseq_RNA",0.863742042384953,0.776605247495699
"389","fludrocortisone","GSM5016359",6,"inlysate","GSM5016391",2,"truseq_RNA",0.866307120019406,0.796605169012306
"390","fludrocortisone","GSM5016359",6,"inlysate","GSM5016392",3,"truseq_RNA",0.860169752878391,0.792231814185832
"391","fludrocortisone","GSM5016359",6,"inlysate","GSM5016393",4,"truseq_RNA",0.867118011818805,0.768619362627255
"392","fludrocortisone","GSM5016359",6,"inlysate","GSM5016394",5,"truseq_RNA",0.866563305578666,0.770760299838718
"393","fludrocortisone","GSM5016359",6,"inlysate","GSM5016395",6,"truseq_RNA",0.869146559152801,0.8427249709012
"394","fludrocortisone","GSM5016372",1,"purified_RNA","GSM5016373",2,"purified_RNA",0.937761105948881,0.945188818545324
"395","fludrocortisone","GSM5016372",1,"purified_RNA","GSM5016374",3,"purified_RNA",0.896585098732307,0.867242662130571
"396","fludrocortisone","GSM5016372",1,"purified_RNA","GSM5016375",4,"purified_RNA",0.94248278735381,0.985340761980361
"397","fludrocortisone","GSM5016372",1,"purified_RNA","GSM5016376",5,"purified_RNA",0.936324686980088,0.955860491948009
"398","fludrocortisone","GSM5016372",1,"purified_RNA","GSM5016377",6,"purified_RNA",0.929145916121002,0.893556231350285
"399","fludrocortisone","GSM5016372",1,"purified_RNA","GSM5016390",1,"truseq_RNA",0.904189428724249,0.844005642929616
"400","fludrocortisone","GSM5016372",1,"purified_RNA","GSM5016391",2,"truseq_RNA",0.892919138745619,0.722018907048819
"401","fludrocortisone","GSM5016372",1,"purified_RNA","GSM5016392",3,"truseq_RNA",0.889023458783523,0.716405985343491
"402","fludrocortisone","GSM5016372",1,"purified_RNA","GSM5016393",4,"truseq_RNA",0.90261799918868,0.816929875583303
"403","fludrocortisone","GSM5016372",1,"purified_RNA","GSM5016394",5,"truseq_RNA",0.892586219613252,0.765503382276267
"404","fludrocortisone","GSM5016372",1,"purified_RNA","GSM5016395",6,"truseq_RNA",0.895644234182509,0.724882398355405
"405","fludrocortisone","GSM5016373",2,"purified_RNA","GSM5016374",3,"purified_RNA",0.89924142398183,0.882420834767814
"406","fludrocortisone","GSM5016373",2,"purified_RNA","GSM5016375",4,"purified_RNA",0.939790228524385,0.948762755012493
"407","fludrocortisone","GSM5016373",2,"purified_RNA","GSM5016376",5,"purified_RNA",0.941621646551917,0.959593308082481
"408","fludrocortisone","GSM5016373",2,"purified_RNA","GSM5016377",6,"purified_RNA",0.931854179672123,0.970821384967342
"409","fludrocortisone","GSM5016373",2,"purified_RNA","GSM5016390",1,"truseq_RNA",0.89618760563356,0.776567495790476
"410","fludrocortisone","GSM5016373",2,"purified_RNA","GSM5016391",2,"truseq_RNA",0.9017413364092,0.775251533593071
"411","fludrocortisone","GSM5016373",2,"purified_RNA","GSM5016392",3,"truseq_RNA",0.892839609550473,0.748205891137081
"412","fludrocortisone","GSM5016373",2,"purified_RNA","GSM5016393",4,"truseq_RNA",0.899479199490401,0.770853233008208
"413","fludrocortisone","GSM5016373",2,"purified_RNA","GSM5016394",5,"truseq_RNA",0.897984273107947,0.763481138440608
"414","fludrocortisone","GSM5016373",2,"purified_RNA","GSM5016395",6,"truseq_RNA",0.899225738445155,0.776060934795362
"415","fludrocortisone","GSM5016374",3,"purified_RNA","GSM5016375",4,"purified_RNA",0.899008063335664,0.886580493642019
"416","fludrocortisone","GSM5016374",3,"purified_RNA","GSM5016376",5,"purified_RNA",0.892765622085392,0.894849566791939
"417","fludrocortisone","GSM5016374",3,"purified_RNA","GSM5016377",6,"purified_RNA",0.912397720678107,0.849899342890841
"418","fludrocortisone","GSM5016374",3,"purified_RNA","GSM5016390",1,"truseq_RNA",0.87398136778595,0.767557074386073
"419","fludrocortisone","GSM5016374",3,"purified_RNA","GSM5016391",2,"truseq_RNA",0.873902157477176,0.782552442287447
"420","fludrocortisone","GSM5016374",3,"purified_RNA","GSM5016392",3,"truseq_RNA",0.87595429770979,0.824402151290196
"421","fludrocortisone","GSM5016374",3,"purified_RNA","GSM5016393",4,"truseq_RNA",0.877163455638642,0.79946226542335
"422","fludrocortisone","GSM5016374",3,"purified_RNA","GSM5016394",5,"truseq_RNA",0.87317187983635,0.780473033661139
"423","fludrocortisone","GSM5016374",3,"purified_RNA","GSM5016395",6,"truseq_RNA",0.875218698627171,0.773095681399126
"424","fludrocortisone","GSM5016375",4,"purified_RNA","GSM5016376",5,"purified_RNA",0.939583890490839,0.956130464468326
"425","fludrocortisone","GSM5016375",4,"purified_RNA","GSM5016377",6,"purified_RNA",0.930963099824466,0.897327246974561
"426","fludrocortisone","GSM5016375",4,"purified_RNA","GSM5016390",1,"truseq_RNA",0.90090774427063,0.828659583569413
"427","fludrocortisone","GSM5016375",4,"purified_RNA","GSM5016391",2,"truseq_RNA",0.896850852728071,0.722838403560398
"428","fludrocortisone","GSM5016375",4,"purified_RNA","GSM5016392",3,"truseq_RNA",0.892102170701865,0.737312614096638
"429","fludrocortisone","GSM5016375",4,"purified_RNA","GSM5016393",4,"truseq_RNA",0.906909610437741,0.835034532010554
"430","fludrocortisone","GSM5016375",4,"purified_RNA","GSM5016394",5,"truseq_RNA",0.896613152841843,0.766126368503438
"431","fludrocortisone","GSM5016375",4,"purified_RNA","GSM5016395",6,"truseq_RNA",0.898411878229483,0.726034039427257
"432","fludrocortisone","GSM5016376",5,"purified_RNA","GSM5016377",6,"purified_RNA",0.928365032053524,0.921758728038515
"433","fludrocortisone","GSM5016376",5,"purified_RNA","GSM5016390",1,"truseq_RNA",0.893377282588089,0.825275214002917
"434","fludrocortisone","GSM5016376",5,"purified_RNA","GSM5016391",2,"truseq_RNA",0.895421624274754,0.775477065198127
"435","fludrocortisone","GSM5016376",5,"purified_RNA","GSM5016392",3,"truseq_RNA",0.893362542057104,0.793995165028706
"436","fludrocortisone","GSM5016376",5,"purified_RNA","GSM5016393",4,"truseq_RNA",0.89654614844413,0.818065426851674
"437","fludrocortisone","GSM5016376",5,"purified_RNA","GSM5016394",5,"truseq_RNA",0.902228568388153,0.842685606997358
"438","fludrocortisone","GSM5016376",5,"purified_RNA","GSM5016395",6,"truseq_RNA",0.896579597027399,0.773648265009543
"439","fludrocortisone","GSM5016377",6,"purified_RNA","GSM5016390",1,"truseq_RNA",0.89261030366771,0.722870367362386
"440","fludrocortisone","GSM5016377",6,"purified_RNA","GSM5016391",2,"truseq_RNA",0.894085938388861,0.725056238824467
"441","fludrocortisone","GSM5016377",6,"purified_RNA","GSM5016392",3,"truseq_RNA",0.889355704864179,0.712120712438556
"442","fludrocortisone","GSM5016377",6,"purified_RNA","GSM5016393",4,"truseq_RNA",0.897390801266984,0.719950521108389
"443","fludrocortisone","GSM5016377",6,"purified_RNA","GSM5016394",5,"truseq_RNA",0.893488478892774,0.711970425837983
"444","fludrocortisone","GSM5016377",6,"purified_RNA","GSM5016395",6,"truseq_RNA",0.905576418683815,0.796430679940378
"445","fludrocortisone","GSM5016390",1,"truseq_RNA","GSM5016391",2,"truseq_RNA",0.914857892683285,0.881510506197207
"446","fludrocortisone","GSM5016390",1,"truseq_RNA","GSM5016392",3,"truseq_RNA",0.913302239114462,0.868903840825458
"447","fludrocortisone","GSM5016390",1,"truseq_RNA","GSM5016393",4,"truseq_RNA",0.925696837615187,0.969767712179769
"448","fludrocortisone","GSM5016390",1,"truseq_RNA","GSM5016394",5,"truseq_RNA",0.914419814057196,0.918065116316728
"449","fludrocortisone","GSM5016390",1,"truseq_RNA","GSM5016395",6,"truseq_RNA",0.917983749685982,0.874801258114748
"450","fludrocortisone","GSM5016391",2,"truseq_RNA","GSM5016392",3,"truseq_RNA",0.91638023327442,0.954989807454273
"451","fludrocortisone","GSM5016391",2,"truseq_RNA","GSM5016393",4,"truseq_RNA",0.915762281414893,0.880496988878448
"452","fludrocortisone","GSM5016391",2,"truseq_RNA","GSM5016394",5,"truseq_RNA",0.921785187865794,0.936367053544568
"453","fludrocortisone","GSM5016391",2,"truseq_RNA","GSM5016395",6,"truseq_RNA",0.919613265801894,0.932515156993246
"454","fludrocortisone","GSM5016392",3,"truseq_RNA","GSM5016393",4,"truseq_RNA",0.914074790702846,0.900376776401332
"455","fludrocortisone","GSM5016392",3,"truseq_RNA","GSM5016394",5,"truseq_RNA",0.917943862188105,0.956999118523089
"456","fludrocortisone","GSM5016392",3,"truseq_RNA","GSM5016395",6,"truseq_RNA",0.918039276135575,0.916864172816962
"457","fludrocortisone","GSM5016393",4,"truseq_RNA","GSM5016394",5,"truseq_RNA",0.91761767331582,0.918664312313392
"458","fludrocortisone","GSM5016393",4,"truseq_RNA","GSM5016395",6,"truseq_RNA",0.919903209765353,0.865942734078084
"459","fludrocortisone","GSM5016394",5,"truseq_RNA","GSM5016395",6,"truseq_RNA",0.919772670358092,0.889150791262769
